[
  {
    "descricao": "Entrada padrão em linha 9.5 com favorito perdendo",
    "minuto_min": 35,
    "escanteios_necessarios": 5,
    "linha_alvo": 9.5,
    "min_odds": 1.8,
    "odds_max": 2.1,
    "favorito_perdendo": true,
    "minutos_finais": false,
    "ligas_permitidas": ["Premier League", "La Liga", "Serie A"],
    "time_favorito": "",
    "escanteios_ultimos_minutos": {
      "quantidade": 2
    }
  },
  {
    "descricao": "Entrar nos últimos minutos com alta pressão",
    "minuto_min": 80,
    "escanteios_necessarios": 9,
    "linha_alvo": 10.5,
    "min_odds": 1.7,
    "odds_max": 2.2,
    "minutos_finais": true,
    "favorito_perdendo": false,
    "ligas_permitidas": [],
    "time_favorito": "",
    "escanteios_ultimos_minutos": {
      "quantidade": 3
    }
  }
]